{
  "results": [
    {
      "prompt": "The capital of France is",
      "target_token": " Paris",
      "m_N": -0.153564453125,
      "m_empty": -10.2265625,
      "curve_k": [
        0.0,
        0.0009930096056473734,
        0.002035178102663429,
        0.005083029367521703,
        0.010116899843674726,
        0.020007668787053515,
        0.05001425607849692,
        0.10017598883109988,
        0.20007668787053515,
        0.5000639065587793,
        1.0
      ],
      "curve_f": [
        0.0,
        0.020940885624954556,
        0.04188177124990911,
        0.08066118907389903,
        0.11944060689788895,
        0.2322887127656996,
        0.7083060665551758,
        0.8935747352092877,
        0.8023461547783514,
        0.8479119707215396,
        1.0
      ],
      "CPR": 0.8509204971370973,
      "CMD": 0.14907950286290272
    },
    {
      "prompt": "def factorial(n):",
      "target_token": " #",
      "m_N": -0.498779296875,
      "m_empty": -1.625,
      "curve_k": [
        0.0,
        0.0010854585147512593,
        0.0021831131925896113,
        0.0050492115180564194,
        0.010086226873025746,
        0.02017245374605149,
        0.05017501494029978,
        0.10000853731416097,
        0.20012684009610576,
        0.5000304904077177,
        1.0
      ],
      "curve_f": [
        0.0,
        0.0,
        0.0,
        0.0,
        0.0,
        0.0,
        0.0,
        0.4985909386516367,
        0.716236722306525,
        0.0,
        1.0
      ],
      "CPR": 0.43062227169181266,
      "CMD": 0.5693777283081873
    },
    {
      "prompt": "The literary device in the phrase 'The wind whispered through the trees' is",
      "target_token": " person",
      "m_N": -0.452392578125,
      "m_empty": -1.4228515625,
      "curve_k": [
        0.0,
        0.0010364040898343655,
        0.002022097276190597,
        0.005020379444335275,
        0.010018572868398867,
        0.0200054514221239,
        0.050054831164385735,
        0.10001140995328257,
        0.20002915876949992,
        0.5000538803349455,
        1.0
      ],
      "curve_f": [
        0.0,
        0.0,
        0.0,
        0.0,
        0.0,
        0.0,
        0.0,
        0.0,
        0.0,
        0.0,
        1.0
      ],
      "CPR": 0.24997305983252727,
      "CMD": 0.7500269401674727
    }
  ],
  "average_CPR": 0.510505276220479,
  "average_CMD": 0.4894947237795209
}