{
  "prompts_ran": [
    "The capital of France is",
    "def factorial(n):",
    "The literary device in the phrase 'The wind whispered through the trees' is"
  ],
  "aggregate_summary": {
    "targeted": {
      "count": 384,
      "avg_probability_change": 0.0037064552307128906,
      "avg_abs_probability_change": 0.017832597096761067,
      "std_probability_change": 0.024085208735490346,
      "avg_logit_change": 0.015276943643887838,
      "avg_abs_logit_change": 0.10990743339061737,
      "std_logit_change": 0.14790562906131785,
      "avg_kl_divergence": 0.0,
      "avg_entropy_change": 0.0,
      "avg_hidden_state_delta_norm": 7.304225921630859,
      "avg_hidden_state_relative_change": 0.07329477507168775,
      "flip_rate": 0.1640625,
      "count_flipped": 63
    },
    "random_baseline": {
      "count": 15,
      "avg_probability_change": 0.00411376953125,
      "avg_abs_probability_change": 0.0045206705729166664,
      "std_probability_change": 0.008715364389044073,
      "avg_logit_change": 0.025040690104166666,
      "avg_abs_logit_change": 0.0387451171875,
      "std_logit_change": 0.056757731194411305,
      "avg_kl_divergence": 0.0,
      "avg_entropy_change": 0.0,
      "avg_hidden_state_delta_norm": 2.098746744791667,
      "avg_hidden_state_relative_change": 0.020347025628623817,
      "flip_rate": 0.13333333333333333,
      "count_flipped": 2
    },
    "path": {
      "count": 9,
      "avg_probability_change": 0.05379909939236111,
      "avg_abs_probability_change": 0.05379909939236111,
      "std_probability_change": 0.03592616044133087,
      "avg_logit_change": 0.1922607421875,
      "avg_abs_logit_change": 0.1967095269097222,
      "std_logit_change": 0.21084131002100345,
      "avg_kl_divergence": 0.0,
      "avg_entropy_change": 0.0,
      "avg_hidden_state_delta_norm": 9.847222222222221,
      "avg_hidden_state_relative_change": 0.09728426029029577,
      "flip_rate": 0.2222222222222222,
      "count_flipped": 2
    },
    "random_path_baseline": {
      "count": 10,
      "avg_probability_change": -0.00140380859375,
      "avg_abs_probability_change": 0.01318359375,
      "std_probability_change": 0.017461901132504055,
      "avg_logit_change": 0.012884521484375,
      "avg_abs_logit_change": 0.075469970703125,
      "std_logit_change": 0.08951169079108637,
      "avg_kl_divergence": 0.0,
      "avg_entropy_change": 0.0,
      "avg_hidden_state_delta_norm": 6.292578125,
      "avg_hidden_state_relative_change": 0.06215471324319018,
      "flip_rate": 0.2,
      "count_flipped": 2
    },
    "target_minus_random_abs_probability_change": 0.0133119265238444,
    "target_flip_rate_minus_random": 0.03072916666666667,
    "path_minus_random_abs_probability_change": 0.04061550564236111,
    "path_flip_rate_minus_random": 0.0222222222222222
  },
  "per_prompt": {
    "prompt_1": {
      "prompt": "The capital of France is",
      "summary_statistics": {
        "targeted": {
          "count": 128,
          "avg_probability_change": 0.004764556884765625,
          "avg_abs_probability_change": 0.025264739990234375,
          "std_probability_change": 0.03195406092166983,
          "avg_logit_change": 0.005943402647972107,
          "avg_abs_logit_change": 0.08632268011569977,
          "std_logit_change": 0.1132019008155424,
          "avg_kl_divergence": 0.0,
          "avg_entropy_change": 0.0,
          "avg_hidden_state_delta_norm": 6.6026153564453125,
          "avg_hidden_state_relative_change": 0.070100760253486,
          "flip_rate": 0.0,
          "count_flipped": 0
        },
        "random_baseline": {
          "count": 5,
          "avg_probability_change": 0.006494140625,
          "avg_abs_probability_change": 0.006884765625,
          "std_probability_change": 0.012063215323471172,
          "avg_logit_change": 0.0234619140625,
          "avg_abs_logit_change": 0.0234619140625,
          "std_logit_change": 0.042261115942436644,
          "avg_kl_divergence": 0.0,
          "avg_entropy_change": 0.0,
          "avg_hidden_state_delta_norm": 1.45966796875,
          "avg_hidden_state_relative_change": 0.015497470139185163,
          "flip_rate": 0.0,
          "count_flipped": 0
        },
        "path": {
          "count": 3,
          "avg_probability_change": 0.07967122395833333,
          "avg_abs_probability_change": 0.07967122395833333,
          "std_probability_change": 0.013695590325716009,
          "avg_logit_change": 0.07661946614583333,
          "avg_abs_logit_change": 0.07661946614583333,
          "std_logit_change": 0.03182210693328131,
          "avg_kl_divergence": 0.0,
          "avg_entropy_change": 0.0,
          "avg_hidden_state_delta_norm": 7.229166666666667,
          "avg_hidden_state_relative_change": 0.0767529307667144,
          "flip_rate": 0.0,
          "count_flipped": 0
        },
        "random_path_baseline": {
          "count": 4,
          "avg_probability_change": -0.00994873046875,
          "avg_abs_probability_change": 0.01690673828125,
          "std_probability_change": 0.02002948420533245,
          "avg_logit_change": 0.0011444091796875,
          "avg_abs_logit_change": 0.0316314697265625,
          "std_logit_change": 0.0377090926751411,
          "avg_kl_divergence": 0.0,
          "avg_entropy_change": 0.0,
          "avg_hidden_state_delta_norm": 4.0029296875,
          "avg_hidden_state_relative_change": 0.04249958526829463,
          "flip_rate": 0.0,
          "count_flipped": 0
        },
        "target_minus_random_abs_probability_change": 0.018379974365234374,
        "target_flip_rate_minus_random": 0.0,
        "path_minus_random_abs_probability_change": 0.06276448567708333,
        "path_flip_rate_minus_random": 0.0
      },
      "counts": {
        "targeted": 128,
        "random": 5,
        "path": 3,
        "random_path": 4
      },
      "top_targeted": [
        {
          "label": "feature_208",
          "probability_change": -0.1171875,
          "logit_change": -0.22528076171875,
          "flip": false
        },
        {
          "label": "feature_378",
          "probability_change": 0.0859375,
          "logit_change": 0.137939453125,
          "flip": false
        },
        {
          "label": "feature_467",
          "probability_change": 0.077880859375,
          "logit_change": 0.0877685546875,
          "flip": false
        },
        {
          "label": "feature_134",
          "probability_change": 0.072021484375,
          "logit_change": 0.224365234375,
          "flip": false
        },
        {
          "label": "feature_142",
          "probability_change": 0.07177734375,
          "logit_change": 0.24560546875,
          "flip": false
        }
      ],
      "top_paths": [
        {
          "label": "Token '\u0120capital' \u2192 Feature L0F322 (Word/alphabetic tokens) \u2192 Feature L1F44 (Word/alphabetic tokens) \u2192 Feature L2F320 (Word/alphabetic tokens) \u2192 Feature L3F338 (Word/alphabetic tokens) \u2192 Output",
          "probability_change": 0.08935546875,
          "logit_change": 0.09912109375,
          "flip": false
        },
        {
          "label": "Token 'The' \u2192 Feature L0F322 (Word/alphabetic tokens) \u2192 Feature L1F44 (Word/alphabetic tokens) \u2192 Feature L2F320 (Word/alphabetic tokens) \u2192 Feature L3F338 (Word/alphabetic tokens) \u2192 Output",
          "probability_change": 0.08935546875,
          "logit_change": 0.09912109375,
          "flip": false
        },
        {
          "label": "Token '\u0120capital' \u2192 Feature L0F322 (Word/alphabetic tokens) \u2192 Feature L1F44 (Word/alphabetic tokens) \u2192 Feature L2F320 (Word/alphabetic tokens) \u2192 Feature L3F367 (Word/alphabetic tokens) \u2192 Output",
          "probability_change": 0.060302734375,
          "logit_change": 0.0316162109375,
          "flip": false
        }
      ]
    },
    "prompt_2": {
      "prompt": "def factorial(n):",